category,path,words,h1,title,canonical,refresh,recommendation,reason
3. службові сторінки,404.html,64,Сторінку не знайдено,Сторінку не знайдено | YOURECO Довідник,404.html,,Залишити noindex.,"Технічна, навігаційна або контактна сторінка."
3. службові сторінки,articles/index.html,196,Перенаправлення до головної сторінки,Перенаправлення до головної сторінки — YOURECO,https://guide.youreco.com.ua/,0; url=/,Залишити noindex.,"Технічна, навігаційна або контактна сторінка."
4. об’єднати або залишити noindex,dokumenty-dlya-utylizaciyi-vidhodiv.html,485,Документи для утилізації відходів,Службова сторінка: документи для утилізації відходів | YOURECO,dokumenty-dlya-utylizaciyi-vidhodiv.html,,Не відкривати масово. Об’єднати з хабом/сильнішою сторінкою або розширити до повноцінного матеріалу перед index.,"Self-canonical, але тонкий/середній обсяг або високий ризик перетину intent із наявними хабами."
3. службові сторінки,kontakty.html,356,Контакти довідник YOURECO,Контакти — Довідник YOURECO,kontakty.html,,Залишити noindex.,"Технічна, навігаційна або контактна сторінка."
2. дублікати/alias,kudy-zdaty-avtoshyn.html,129,Куди здати автошини,Куди здати автошини — Довідник YOURECO,utylizaciya-avtoshyn.html,0; url=/utylizaciya-avtoshyn.html,"Залишити noindex; бажано 301 на canonical, якщо URL не потрібен як HTML-прокладка.",Alias/старий slug/коротка сторінка під варіант запиту з canonical на основний матеріал.
2. дублікати/alias,kudy-zdaty-budivelnyh-vidhodiv.html,140,Куди здати будівельні відходи,Куди здати будівельні відходи — Довідник YOURECO,utylizaciya-budivelnyh-vidhodiv.html,0; url=/utylizaciya-budivelnyh-vidhodiv.html,"Залишити noindex; бажано 301 на canonical, якщо URL не потрібен як HTML-прокладка.",Alias/старий slug/коротка сторінка під варіант запиту з canonical на основний матеріал.
2. дублікати/alias,kudy-zdaty-derevyny-z-budivnyctva.html,138,Куди здати деревину з будівництва,Куди здати деревину з будівництва — Довідник YOURECO,utylizaciya-derevyny-z-budivnyctva.html,0; url=/utylizaciya-derevyny-z-budivnyctva.html,"Залишити noindex; бажано 301 на canonical, якщо URL не потрібен як HTML-прокладка.",Alias/старий slug/коротка сторінка під варіант запиту з canonical на основний матеріал.
2. дублікати/alias,kudy-zdaty-dokumentiv.html,136,Куди здати документи,Куди здати документи — Довідник YOURECO,utylizaciya-dokumentiv.html,0; url=/utylizaciya-dokumentiv.html,"Залишити noindex; бажано 301 на canonical, якщо URL не потрібен як HTML-прокладка.",Alias/старий slug/коротка сторінка під варіант запиту з canonical на основний матеріал.
2. дублікати/alias,kudy-zdaty-energetychnyh-napoyiv.html,145,Куди здати енергетичні напої,Куди здати енергетичні напої — Довідник YOURECO,utylizaciya-energetychnyh-napoyiv.html,0; url=/utylizaciya-energetychnyh-napoyiv.html,"Залишити noindex; бажано 301 на canonical, якщо URL не потрібен як HTML-прокладка.",Alias/старий slug/коротка сторінка під варіант запиту з canonical на основний матеріал.
2. дублікати/alias,kudy-zdaty-fruktiv-ta-ovochiv.html,142,Куди здати фрукти та овочі,Куди здати фрукти та овочі — Довідник YOURECO,utylizaciya-fruktiv-ta-ovochiv.html,0; url=/utylizaciya-fruktiv-ta-ovochiv.html,"Залишити noindex; бажано 301 на canonical, якщо URL не потрібен як HTML-прокладка.",Alias/старий slug/коротка сторінка під варіант запиту з canonical на основний матеріал.
2. дублікати/alias,kudy-zdaty-fruktiv.html,135,Куди здати фрукти,Куди здати фрукти — Довідник YOURECO,utylizaciya-fruktiv.html,0; url=/utylizaciya-fruktiv.html,"Залишити noindex; бажано 301 на canonical, якщо URL не потрібен як HTML-прокладка.",Alias/старий slug/коротка сторінка під варіант запиту з canonical на основний матеріал.
2. дублікати/alias,kudy-zdaty-gazovanyh-napoyiv.html,137,Куди здати газовані напої,Куди здати газовані напої — Довідник YOURECO,utylizaciya-gazovanyh-napoyiv.html,0; url=/utylizaciya-gazovanyh-napoyiv.html,"Залишити noindex; бажано 301 на canonical, якщо URL не потрібен як HTML-прокладка.",Alias/старий slug/коротка сторінка під варіант запиту з canonical на основний матеріал.
2. дублікати/alias,kudy-zdaty-gipsokartonu.html,139,Перенаправлення...,Перенаправлення... — Довідник YOURECO,utylizaciya-gipsokartonu.html,0; url=/utylizaciya-gipsokartonu.html,"Залишити noindex; бажано 301 на canonical, якщо URL не потрібен як HTML-прокладка.",Alias/старий slug/коротка сторінка під варіант запиту з canonical на основний матеріал.
2. дублікати/alias,kudy-zdaty-harchovyh-produktiv.html,148,Куди здати харчові продукти,Куди здати харчові продукти — Довідник YOURECO,utylizaciya-harchovyh-produktiv.html,0; url=/utylizaciya-harchovyh-produktiv.html,"Залишити noindex; бажано 301 на canonical, якщо URL не потрібен як HTML-прокладка.",Alias/старий slug/коротка сторінка під варіант запиту з canonical на основний матеріал.
2. дублікати/alias,kudy-zdaty-kabelyu-ta-drotiv.html,153,Куди здати кабель та дроти,Куди здати кабель та дроти — Довідник YOURECO,utylizaciya-kabelyu-ta-drotiv.html,0; url=/utylizaciya-kabelyu-ta-drotiv.html,"Залишити noindex; бажано 301 на canonical, якщо URL не потрібен як HTML-прокладка.",Alias/старий slug/коротка сторінка під варіант запиту з canonical на основний матеріал.
2. дублікати/alias,kudy-zdaty-kondyterskyh-vyrobiv.html,149,Куди здати кондитерські вироби,Куди здати кондитерські вироби — Довідник YOURECO,utylizaciya-kondyterskyh-vyrobiv.html,0; url=/utylizaciya-kondyterskyh-vyrobiv.html,"Залишити noindex; бажано 301 на canonical, якщо URL не потрібен як HTML-прокладка.",Alias/старий slug/коротка сторінка під варіант запиту з canonical на основний матеріал.
2. дублікати/alias,kudy-zdaty-konserviv.html,151,Куди здати консерви,Куди здати консерви — Довідник YOURECO,utylizaciya-konserviv.html,0; url=/utylizaciya-konserviv.html,"Залишити noindex; бажано 301 на canonical, якщо URL не потрібен як HTML-прокладка.",Alias/старий slug/коротка сторінка під варіант запиту з canonical на основний матеріал.
2. дублікати/alias,kudy-zdaty-kosmetiki.html,146,Перенаправлення із застарілої адреси,Редирект: косметика kosmetiki | YOURECO,utylizaciya-kosmetyky.html,0; url=/utylizaciya-kosmetyky.html,"Залишити noindex; бажано 301 на canonical, якщо URL не потрібен як HTML-прокладка.",Alias/старий slug/коротка сторінка під варіант запиту з canonical на основний матеріал.
2. дублікати/alias,kudy-zdaty-kosmetyky-magazyniv.html,153,Куди здати косметику з магазинів,Куди здати косметику з магазинів — Довідник YOURECO,utylizaciya-kosmetyky-magazyniv.html,0; url=/utylizaciya-kosmetyky-magazyniv.html,"Залишити noindex; бажано 301 на canonical, якщо URL не потрібен як HTML-прокладка.",Alias/старий slug/коротка сторінка під варіант запиту з canonical на основний матеріал.
2. дублікати/alias,kudy-zdaty-kosmetyky.html,144,Перенаправлення із застарілої адреси,Редирект: косметика kosmetyky | YOURECO,utylizaciya-kosmetyky.html,0; url=/utylizaciya-kosmetyky.html,"Залишити noindex; бажано 301 на canonical, якщо URL не потрібен як HTML-прокладка.",Alias/старий slug/коротка сторінка під варіант запиту з canonical на основний матеріал.
2. дублікати/alias,kudy-zdaty-li-ion-batarej.html,156,Куди здати Li-ion батареї,Куди здати Li-ion батареї — Довідник YOURECO,utylizaciya-li-ion-batarej.html,0; url=/utylizaciya-li-ion-batarej.html,"Залишити noindex; бажано 301 на canonical, якщо URL не потрібен як HTML-прокладка.",Alias/старий slug/коротка сторінка під варіант запиту з canonical на основний матеріал.
2. дублікати/alias,kudy-zdaty-materialiv.html,146,Куди здати матеріали,Куди здати матеріали — Довідник YOURECO,utylizaciya-materialiv.html,0; url=/utylizaciya-materialiv.html,"Залишити noindex; бажано 301 на canonical, якщо URL не потрібен як HTML-прокладка.",Alias/старий slug/коротка сторінка під варіант запиту з canonical на основний матеріал.
2. дублікати/alias,kudy-zdaty-metalevoyi-strushky.html,149,Куди здати металеву стружку,Куди здати металеву стружку — Довідник YOURECO,utylizaciya-metalevoyi-strushky.html,0; url=/utylizaciya-metalevoyi-strushky.html,"Залишити noindex; бажано 301 на canonical, якщо URL не потрібен як HTML-прокладка.",Alias/старий slug/коротка сторінка під варіант запиту з canonical на основний матеріал.
2. дублікати/alias,kudy-zdaty-metalu.html,142,Куди здати метал,Куди здати метал — Довідник YOURECO,utylizaciya-metalu.html,0; url=/utylizaciya-metalu.html,"Залишити noindex; бажано 301 на canonical, якщо URL не потрібен як HTML-прокладка.",Alias/старий slug/коротка сторінка під варіант запиту з canonical на основний матеріал.
2. дублікати/alias,kudy-zdaty-molochnyh-produktiv.html,149,Куди здати молочні продукти,Куди здати молочні продукти — Довідник YOURECO,utylizaciya-molochnyh-produktiv.html,0; url=/utylizaciya-molochnyh-produktiv.html,"Залишити noindex; бажано 301 на canonical, якщо URL не потрібен як HTML-прокладка.",Alias/старий slug/коротка сторінка під варіант запиту з canonical на основний матеріал.
2. дублікати/alias,kudy-zdaty-myasnyh-produktiv.html,151,Куди здати м’ясні продукти,Куди здати м’ясні продукти — Довідник YOURECO,utylizaciya-myasnyh-produktiv.html,0; url=/utylizaciya-myasnyh-produktiv.html,"Залишити noindex; бажано 301 на canonical, якщо URL не потрібен як HTML-прокладка.",Alias/старий slug/коротка сторінка під варіант запиту з canonical на основний матеріал.
2. дублікати/alias,kudy-zdaty-napivfabrykatyv.html,144,Куди здати напівфабрикати,Куди здати напівфабрикати — Довідник YOURECO,utylizaciya-napivfabrykatyv.html,0; url=/utylizaciya-napivfabrykatyv.html,"Залишити noindex; бажано 301 на canonical, якщо URL не потрібен як HTML-прокладка.",Alias/старий slug/коротка сторінка під варіант запиту з canonical на основний матеріал.
2. дублікати/alias,kudy-zdaty-napoyiv.html,138,Куди здати напої,Куди здати напої — Довідник YOURECO,utylizaciya-napoyiv.html,0; url=/utylizaciya-napoyiv.html,"Залишити noindex; бажано 301 на canonical, якщо URL не потрібен як HTML-прокладка.",Alias/старий slug/коротка сторінка під варіант запиту з canonical на основний матеріал.
2. дублікати/alias,kudy-zdaty-nekondicijnoyi-sirovini.html,142,Куди здати некондиційну сировину,Куди здати некондиційну сировину — Довідник YOURECO,utylizaciya-nekondicijnoyi-sirovini.html,0; url=/utylizaciya-nekondicijnoyi-sirovini.html,"Залишити noindex; бажано 301 на canonical, якщо URL не потрібен як HTML-прокладка.",Alias/старий slug/коротка сторінка під варіант запиту з canonical на основний матеріал.
2. дублікати/alias,kudy-zdaty-nekondyciynoyi-produkciyi.html,144,Куди здати некондиційну продукцію,Куди здати некондиційну продукцію — Довідник YOURECO,utylizaciya-nekondyciynoyi-produkciyi.html,0; url=/utylizaciya-nekondyciynoyi-produkciyi.html,"Залишити noindex; бажано 301 на canonical, якщо URL не потрібен як HTML-прокладка.",Alias/старий slug/коротка сторінка під варіант запиту з canonical на основний матеріал.
2. дублікати/alias,kudy-zdaty-obladnannya.html,134,Куди здати обладнання,Куди здати обладнання — Довідник YOURECO,utylizaciya-obladnannya.html,0; url=/utylizaciya-obladnannya.html,"Залишити noindex; бажано 301 на canonical, якщо URL не потрібен як HTML-прокладка.",Alias/старий slug/коротка сторінка під варіант запиту з canonical на основний матеріал.
2. дублікати/alias,kudy-zdaty-odyagu-vzuttya.html,157,Куди здати одяг та взуття,Куди здати одяг та взуття — Довідник YOURECO,utylizaciya-odyagu-vzuttya.html,0; url=/utylizaciya-odyagu-vzuttya.html,"Залишити noindex; бажано 301 на canonical, якщо URL не потрібен як HTML-прокладка.",Alias/старий slug/коротка сторінка під варіант запиту з canonical на основний матеріал.
2. дублікати/alias,kudy-zdaty-ofisnih-mebliv-orgtehniki.html,152,Куди здати офісні меблі та оргтехніку,Куди здати офісні меблі та оргтехніку — Довідник YOURECO,utylizaciya-ofisnih-mebliv-orgtehniki.html,0; url=/utylizaciya-ofisnih-mebliv-orgtehniki.html,"Залишити noindex; бажано 301 на canonical, якщо URL не потрібен як HTML-прокладка.",Alias/старий slug/коротка сторінка під варіант запиту з canonical на основний матеріал.
2. дублікати/alias,kudy-zdaty-ovochiv.html,133,Куди здати овочі,Куди здати овочі — Довідник YOURECO,utylizaciya-ovochiv.html,0; url=/utylizaciya-ovochiv.html,"Залишити noindex; бажано 301 на canonical, якщо URL не потрібен як HTML-прокладка.",Alias/старий slug/коротка сторінка під варіант запиту з canonical на основний матеріал.
2. дублікати/alias,kudy-zdaty-paperu-ta-kartonu.html,149,Куди здати папір та картон,Куди здати папір та картон — Довідник YOURECO,utylizaciya-paperu-ta-kartonu.html,0; url=/utylizaciya-paperu-ta-kartonu.html,"Залишити noindex; бажано 301 на canonical, якщо URL не потрібен як HTML-прокладка.",Alias/старий slug/коротка сторінка під варіант запиту з canonical на основний матеріал.
2. дублікати/alias,kudy-zdaty-parfumeriyi.html,137,Куди здати парфумерію,Куди здати парфумерію — Довідник YOURECO,utylizaciya-parfumeriyi.html,0; url=/utylizaciya-parfumeriyi.html,"Залишити noindex; бажано 301 на canonical, якщо URL не потрібен як HTML-прокладка.",Alias/старий slug/коротка сторінка під варіант запиту з canonical на основний матеріал.
2. дублікати/alias,kudy-zdaty-partiyi-produktiv.html,140,Куди здати партії продуктів,Куди здати партії продуктів — Довідник YOURECO,utylizaciya-partiyi-produktiv.html,0; url=/utylizaciya-partiyi-produktiv.html,"Залишити noindex; бажано 301 на canonical, якщо URL не потрібен як HTML-прокладка.",Alias/старий slug/коротка сторінка під варіант запиту з canonical на основний матеріал.
2. дублікати/alias,kudy-zdaty-paverbankiv-dbj.html,153,Куди здати павербанки та ДБЖ,Куди здати павербанки та ДБЖ — Довідник YOURECO,utylizaciya-paverbankiv-dbj.html,0; url=/utylizaciya-paverbankiv-dbj.html,"Залишити noindex; бажано 301 на canonical, якщо URL не потрібен як HTML-прокладка.",Alias/старий slug/коротка сторінка під варіант запиту з canonical на основний матеріал.
2. дублікати/alias,kudy-zdaty-plastyku-ta-polimeriv.html,147,Куди здати пластик та полімери,Куди здати пластик та полімери — Довідник YOURECO,utylizaciya-plastyku-ta-polimeriv.html,0; url=/utylizaciya-plastyku-ta-polimeriv.html,"Залишити noindex; бажано 301 на canonical, якщо URL не потрібен як HTML-прокладка.",Alias/старий slug/коротка сторінка під варіант запиту з canonical на основний матеріал.
2. дублікати/alias,kudy-zdaty-produktiv-harchuvannya-napoyiv.html,147,Куди здати продукти харчування та напої,Куди здати продукти харчування та напої — Довідник YOURECO,utylizaciya-produktiv-harchuvannya-napoyiv.html,0; url=/utylizaciya-produktiv-harchuvannya-napoyiv.html,"Залишити noindex; бажано 301 на canonical, якщо URL не потрібен як HTML-прокладка.",Alias/старий slug/коротка сторінка під варіант запиту з canonical на основний матеріал.
2. дублікати/alias,kudy-zdaty-produktiv-na-skladi.html,137,Куди здати продукти на складі,Куди здати продукти на складі — Довідник YOURECO,utylizaciya-produktiv-na-skladi.html,0; url=/utylizaciya-produktiv-na-skladi.html,"Залишити noindex; бажано 301 на canonical, якщо URL не потрібен як HTML-прокладка.",Alias/старий slug/коротка сторінка під варіант запиту з canonical на основний матеріал.
2. дублікати/alias,kudy-zdaty-promyslovogo-obladnannya-mehanizmiv.html,150,Куди здати промислове обладнання та механізми,Куди здати промислове обладнання та механізми — Довідник YOURECO,utylizaciya-promyslovogo-obladnannya-mehanizmiv.html,0; url=/utylizaciya-promyslovogo-obladnannya-mehanizmiv.html,"Залишити noindex; бажано 301 на canonical, якщо URL не потрібен як HTML-прокладка.",Alias/старий slug/коротка сторінка під варіант запиту з canonical на основний матеріал.
2. дублікати/alias,kudy-zdaty-promyslovyh-vidhodiv.html,149,Куди здати промислові відходи,Куди здати промислові відходи — Довідник YOURECO,utylizaciya-promyslovyh-vidhodiv.html,0; url=/utylizaciya-promyslovyh-vidhodiv.html,"Залишити noindex; бажано 301 на canonical, якщо URL не потрібен як HTML-прокладка.",Alias/старий slug/коротка сторінка під варіант запиту з canonical на основний матеріал.
2. дублікати/alias,kudy-zdaty-prostrochenoyi-kosmetyky.html,153,Куди здати прострочену косметику,Куди здати прострочену косметику — Довідник YOURECO,utylizaciya-prostrochenoyi-kosmetyky.html,0; url=/utylizaciya-prostrochenoyi-kosmetyky.html,"Залишити noindex; бажано 301 на canonical, якщо URL не потрібен як HTML-прокладка.",Alias/старий slug/коротка сторінка під варіант запиту з canonical на основний матеріал.
2. дублікати/alias,kudy-zdaty-prostrochenyh-produktiv.html,151,Куди здати прострочені продукти,Куди здати прострочені продукти — Довідник YOURECO,utylizaciya-prostrochenyh-produktiv.html,0; url=/utylizaciya-prostrochenyh-produktiv.html,"Залишити noindex; бажано 301 на canonical, якщо URL не потрібен як HTML-прокладка.",Alias/старий slug/коротка сторінка під варіант запиту з canonical на основний матеріал.
2. дублікати/alias,kudy-zdaty-pyva.html,149,Куди здати пиво,Куди здати пиво — Довідник YOURECO,utylizaciya-pyva.html,0; url=/utylizaciya-pyva.html,"Залишити noindex; бажано 301 на canonical, якщо URL не потрібен як HTML-прокладка.",Alias/старий slug/коротка сторінка під варіант запиту з canonical на основний матеріал.
2. дублікати/alias,kudy-zdaty-rybnyh-produktiv.html,148,Куди здати рибні продукти,Куди здати рибні продукти — Довідник YOURECO,utylizaciya-rybnyh-produktiv.html,0; url=/utylizaciya-rybnyh-produktiv.html,"Залишити noindex; бажано 301 на canonical, якщо URL не потрібен як HTML-прокладка.",Alias/старий slug/коротка сторінка під варіант запиту з canonical на основний матеріал.
2. дублікати/alias,kudy-zdaty-shin.html,149,Перенаправлення із застарілої адреси,Редирект: куди здати шин | YOURECO,utylizaciya-shyn.html,0; url=/utylizaciya-shyn.html,"Залишити noindex; бажано 301 на canonical, якщо URL не потрібен як HTML-прокладка.",Alias/старий slug/коротка сторінка під варіант запиту з canonical на основний матеріал.
2. дублікати/alias,kudy-zdaty-shyn-pidpryyemstvamy.html,145,Куди підприємствам здати шини,Куди підприємствам здати шини — Довідник YOURECO,utylizaciya-shyn-pidpryyemstvamy.html,0; url=/utylizaciya-shyn-pidpryyemstvamy.html,"Залишити noindex; бажано 301 на canonical, якщо URL не потрібен як HTML-прокладка.",Alias/старий slug/коротка сторінка під варіант запиту з canonical на основний матеріал.
2. дублікати/alias,kudy-zdaty-shyn.html,146,Перенаправлення із застарілої адреси,Редирект: куди здати шини | YOURECO,utylizaciya-shyn.html,0; url=/utylizaciya-shyn.html,"Залишити noindex; бажано 301 на canonical, якщо URL не потрібен як HTML-прокладка.",Alias/старий slug/коротка сторінка під варіант запиту з canonical на основний матеріал.
2. дублікати/alias,kudy-zdaty-shyny.html,148,Перенаправлення із застарілої адреси,Редирект: утилізація шин | YOURECO,utylizaciya-shyn.html,0; url=/utylizaciya-shyn.html,"Залишити noindex; бажано 301 на canonical, якщо URL не потрібен як HTML-прокладка.",Alias/старий slug/коротка сторінка під варіант запиту з canonical на основний матеріал.
2. дублікати/alias,kudy-zdaty-skla.html,151,Куди здати скло,Куди здати скло — Довідник YOURECO,utylizaciya-skla.html,0; url=/utylizaciya-skla.html,"Залишити noindex; бажано 301 на canonical, якщо URL не потрібен як HTML-прокладка.",Alias/старий slug/коротка сторінка під варіант запиту з canonical на основний матеріал.
2. дублікати/alias,kudy-zdaty-skladskyh-zalyshkiv-kosmetyky.html,149,Куди здати складські залишки косметики,Куди здати складські залишки косметики — Довідник YOURECO,utylizaciya-skladskyh-zalyshkiv-kosmetyky.html,0; url=/utylizaciya-skladskyh-zalyshkiv-kosmetyky.html,"Залишити noindex; бажано 301 на canonical, якщо URL не потрібен як HTML-прокладка.",Alias/старий slug/коротка сторінка під варіант запиту з canonical на основний матеріал.
2. дублікати/alias,kudy-zdaty-skladskyh-zalyshkiv.html,149,Куди здати складські залишки,Куди здати складські залишки — Довідник YOURECO,utylizaciya-skladskyh-zalyshkiv.html,0; url=/utylizaciya-skladskyh-zalyshkiv.html,"Залишити noindex; бажано 301 на canonical, якщо URL не потрібен як HTML-прокладка.",Alias/старий slug/коротка сторінка під варіант запиту з canonical на основний матеріал.
2. дублікати/alias,kudy-zdaty-sokiv-ta-napoyiv.html,156,Куди здати соки та напої,Куди здати соки та напої — Довідник YOURECO,utylizaciya-sokiv-ta-napoyiv.html,0; url=/utylizaciya-sokiv-ta-napoyiv.html,"Залишити noindex; бажано 301 на canonical, якщо URL не потрібен як HTML-прокладка.",Alias/старий slug/коротка сторінка під варіант запиту з canonical на основний матеріал.
2. дублікати/alias,kudy-zdaty-sokiv.html,147,Куди здати соки,Куди здати соки — Довідник YOURECO,utylizaciya-sokiv.html,0; url=/utylizaciya-sokiv.html,"Залишити noindex; бажано 301 на canonical, якщо URL не потрібен як HTML-прокладка.",Alias/старий slug/коротка сторінка під варіант запиту з canonical на основний матеріал.
2. дублікати/alias,kudy-zdaty-sonyachnih-panelij-vitryakiv.html,160,Куди здати сонячні панелі та вітряки,Куди здати сонячні панелі та вітряки — Довідник YOURECO,utylizaciya-sonyachnih-panelij-vitryakiv.html,0; url=/utylizaciya-sonyachnih-panelij-vitryakiv.html,"Залишити noindex; бажано 301 на canonical, якщо URL не потрібен як HTML-прокладка.",Alias/старий slug/коротка сторінка під варіант запиту з canonical на основний матеріал.
2. дублікати/alias,kudy-zdaty-tary-upakovki.html,154,Куди здати тару та упаковку,Куди здати тару та упаковку — Довідник YOURECO,utylizaciya-tary-upakovki.html,0; url=/utylizaciya-tary-upakovki.html,"Залишити noindex; бажано 301 на canonical, якщо URL не потрібен як HTML-прокладка.",Alias/старий slug/коротка сторінка під варіант запиту з canonical на основний матеріал.
2. дублікати/alias,kudy-zdaty-tovariv.html,148,Куди здати товари,Куди здати товари — Довідник YOURECO,utylizaciya-tovariv.html,0; url=/utylizaciya-tovariv.html,"Залишити noindex; бажано 301 на canonical, якщо URL не потрібен як HTML-прокладка.",Alias/старий slug/коротка сторінка під варіант запиту з canonical на основний матеріал.
2. дублікати/alias,kudy-zdaty-tovary-pid-mitnim-kontrolem.html,159,Куди здати товари під митним контролем,Куди здати товари під митним контролем — Довідник YOURECO,utylizaciya-tovary-pid-mitnim-kontrolem.html,0; url=/utylizaciya-tovary-pid-mitnim-kontrolem.html,"Залишити noindex; бажано 301 на canonical, якщо URL не потрібен як HTML-прокладка.",Alias/старий slug/коротка сторінка під варіант запиту з canonical на основний матеріал.
2. дублікати/alias,kudy-zdaty-upakovky-na-pidpryyemstvi.html,162,Куди здати упаковку на підприємстві,Куди здати упаковку на підприємстві — Довідник YOURECO,utylizaciya-upakovky-na-pidpryyemstvi.html,0; url=/utylizaciya-upakovky-na-pidpryyemstvi.html,"Залишити noindex; бажано 301 на canonical, якщо URL не потрібен як HTML-прокладка.",Alias/старий slug/коротка сторінка під варіант запиту з canonical на основний матеріал.
2. дублікати/alias,kudy-zdaty-upakovky-vid-kosmetyky.html,152,Куди здати упаковку від косметики,Куди здати упаковку від косметики — Довідник YOURECO,utylizaciya-upakovky-vid-kosmetyky.html,0; url=/utylizaciya-upakovky-vid-kosmetyky.html,"Залишити noindex; бажано 301 на canonical, якщо URL не потрібен як HTML-прокладка.",Alias/старий slug/коротка сторінка під варіант запиту з canonical на основний матеріал.
2. дублікати/alias,kudy-zdaty-vantazhnyh-shyn.html,147,Куди здати вантажні шини,Куди здати вантажні шини — Довідник YOURECO,utylizaciya-vantazhnyh-shyn.html,0; url=/utylizaciya-vantazhnyh-shyn.html,"Залишити noindex; бажано 301 на canonical, якщо URL не потрібен як HTML-прокладка.",Alias/старий slug/коротка сторінка під варіант запиту з canonical на основний матеріал.
2. дублікати/alias,kudy-zdaty-vidpracovane-maslo.html,155,Перенаправлення до утилізації оливи,Перенаправлення до утилізації оливи — YOURECO,utylizaciya-vidpracovanoi-olyvy.html,0; url=/utylizaciya-vidpracovanoi-olyvy.html,"Залишити noindex; бажано 301 на canonical, якщо URL не потрібен як HTML-прокладка.",Alias/старий slug/коротка сторінка під варіант запиту з canonical на основний матеріал.
2. дублікати/alias,kudy-zdaty-vidpracovanoi-olyvy.html,161,Перенаправлення до сторінки про оливу,Перенаправлення до сторінки про оливу — YOURECO,utylizaciya-vidpracovanoi-olyvy.html,0; url=/utylizaciya-vidpracovanoi-olyvy.html,"Залишити noindex; бажано 301 на canonical, якщо URL не потрібен як HTML-прокладка.",Alias/старий slug/коротка сторінка під варіант запиту з canonical на основний матеріал.
2. дублікати/alias,kudy-zdaty-vidpracovanyh-masel.html,162,Куди здати відпрацьовані оливи,Куди здати відпрацьовані оливи — Довідник YOURECO,utylizaciya-vidpracovanyh-masel.html,0; url=/utylizaciya-vidpracovanyh-masel.html,"Залишити noindex; бажано 301 на canonical, якщо URL не потрібен як HTML-прокладка.",Alias/старий slug/коротка сторінка під варіант запиту з canonical на основний матеріал.
2. дублікати/alias,kudy-zdaty-vody.html,159,Куди здати воду,Куди здати воду — Довідник YOURECO,utylizaciya-vody.html,0; url=/utylizaciya-vody.html,"Залишити noindex; бажано 301 на canonical, якщо URL не потрібен як HTML-прокладка.",Alias/старий slug/коротка сторінка під варіант запиту з canonical на основний матеріал.
2. дублікати/alias,kudy-zdaty-vyrobnychyh-vidhodiv.html,158,Куди здати виробничі відходи,Куди здати виробничі відходи — Довідник YOURECO,utylizaciya-vyrobnychyh-vidhodiv.html,0; url=/utylizaciya-vyrobnychyh-vidhodiv.html,"Залишити noindex; бажано 301 на canonical, якщо URL не потрібен як HTML-прокладка.",Alias/старий slug/коротка сторінка під варіант запиту з canonical на основний матеріал.
2. дублікати/alias,kudy-zdaty-yagid.html,158,Куди здати ягоди,Куди здати ягоди — Довідник YOURECO,utylizaciya-yagid.html,0; url=/utylizaciya-yagid.html,"Залишити noindex; бажано 301 на canonical, якщо URL не потрібен як HTML-прокладка.",Alias/старий slug/коротка сторінка під варіант запиту з canonical на основний матеріал.
2. дублікати/alias,kudy-zdaty-zamorozhenyh-produktiv.html,158,Куди здати заморожені продукти,Куди здати заморожені продукти — Довідник YOURECO,utylizaciya-zamorozhenyh-produktiv.html,0; url=/utylizaciya-zamorozhenyh-produktiv.html,"Залишити noindex; бажано 301 на canonical, якщо URL не потрібен як HTML-прокладка.",Alias/старий slug/коротка сторінка під варіант запиту з canonical на основний матеріал.
2. дублікати/alias,kudy-zdaty-zipsovanyh-produktiv.html,162,Куди здати зіпсовані продукти,Куди здати зіпсовані продукти — Довідник YOURECO,utylizaciya-zipsovanyh-produktiv.html,0; url=/utylizaciya-zipsovanyh-produktiv.html,"Залишити noindex; бажано 301 на canonical, якщо URL не потрібен як HTML-прокладка.",Alias/старий slug/коротка сторінка під варіант запиту з canonical на основний матеріал.
2. дублікати/alias,li-ion.html,450,Літій-іонні батареї — редирект,Літій-іонні батареї — редирект — Довідник YOURECO,utylizaciya-li-ion-batarej.html,0; url=/utylizaciya-li-ion-batarej.html,"Залишити noindex; бажано 301 на canonical, якщо URL не потрібен як HTML-прокладка.",Alias/старий slug/коротка сторінка під варіант запиту з canonical на основний матеріал.
3. службові сторінки,logistyka/index.html,432,Матеріали про логістику відходів,Матеріали про логістику відходів — Довідник YOURECO,logistyka.html,,Залишити noindex.,"Технічна, навігаційна або контактна сторінка."
1. кандидати на індексацію,logistyka-budivelnyh-vidhodiv.html,978,Логістика будівельних відходів,Логістика будівельних відходів — Довідник YOURECO,logistyka-budivelnyh-vidhodiv.html,,Перевести в index після ручної перевірки title/FAQ/перелінковки; додати в sitemap.,"Самостійний intent, self-canonical і достатній обсяг контенту."
1. кандидати на індексацію,logistyka-kabelyu.html,978,Логістика кабелю,Логістика кабелю — Довідник YOURECO,logistyka-kabelyu.html,,Перевести в index після ручної перевірки title/FAQ/перелінковки; додати в sitemap.,"Самостійний intent, self-canonical і достатній обсяг контенту."
4. об’єднати або залишити noindex,logistyka-paperu-ta-kartonu.html,510,Логістика паперу та картону,Логістика паперу та картону — Довідник YOURECO,logistyka-paperu-ta-kartonu.html,,Не відкривати масово. Об’єднати з хабом/сильнішою сторінкою або розширити до повноцінного матеріалу перед index.,"Self-canonical, але тонкий/середній обсяг або високий ризик перетину intent із наявними хабами."
1. кандидати на індексацію,logistyka-plastyku.html,803,Логістика пластику,Логістика пластику — Довідник YOURECO,logistyka-plastyku.html,,Перевести в index після ручної перевірки title/FAQ/перелінковки; додати в sitemap.,"Самостійний intent, self-canonical і достатній обсяг контенту."
4. об’єднати або залишити noindex,logistyka-promyslovyh-vidhodiv.html,525,Логістика промислових відходів: вивезення і маршрути,Логістика промислових відходів | YOURECO,logistyka-promyslovyh-vidhodiv.html,,Не відкривати масово. Об’єднати з хабом/сильнішою сторінкою або розширити до повноцінного матеріалу перед index.,"Self-canonical, але тонкий/середній обсяг або високий ризик перетину intent із наявними хабами."
4. об’єднати або залишити noindex,logistyka-shyn.html,520,Логістика шин і порядок передання,Логістика шин і порядок передання — Довідник YOURECO,logistyka-shyn.html,,Не відкривати масово. Об’єднати з хабом/сильнішою сторінкою або розширити до повноцінного матеріалу перед index.,"Self-canonical, але тонкий/середній обсяг або високий ризик перетину intent із наявними хабами."
1. кандидати на індексацію,nebezpeka-vidpracovanogo-masla.html,775,Небезпека відпрацьованої оливи,Небезпека відпрацьованої оливи — Довідник YOURECO,nebezpeka-vidpracovanogo-masla.html,,Перевести в index після ручної перевірки title/FAQ/перелінковки; додати в sitemap.,"Самостійний intent, self-canonical і достатній обсяг контенту."
4. об’єднати або залишити noindex,oblik-promyslovyh-vidhodiv.html,527,Облік промислових відходів,Облік промислових відходів — Довідник YOURECO,oblik-promyslovyh-vidhodiv.html,,Не відкривати масово. Об’єднати з хабом/сильнішою сторінкою або розширити до повноцінного матеріалу перед index.,"Self-canonical, але тонкий/середній обсяг або високий ризик перетину intent із наявними хабами."
4. об’єднати або залишити noindex,optymizaciya-vidhodiv-na-vyrobnyctvi.html,535,Оптимізація відходів на виробництві,Оптимізація відходів на виробництві — Довідник YOURECO,optymizaciya-vidhodiv-na-vyrobnyctvi.html,,Не відкривати масово. Об’єднати з хабом/сильнішою сторінкою або розширити до повноцінного матеріалу перед index.,"Self-canonical, але тонкий/середній обсяг або високий ризик перетину intent із наявними хабами."
3. службові сторінки,pererobka/index.html,450,Матеріали про переробку відходів,Матеріали про переробку відходів — Довідник YOURECO,pererobka.html,,Залишити noindex.,"Технічна, навігаційна або контактна сторінка."
4. об’єднати або залишити noindex,pererobka-alyuminiyevogo-kabelyu.html,525,Як передають на переробку алюмінієвий кабель,Як передають на переробку алюмінієвий кабель — Довідник YOURECO,pererobka-alyuminiyevogo-kabelyu.html,,Не відкривати масово. Об’єднати з хабом/сильнішою сторінкою або розширити до повноцінного матеріалу перед index.,"Self-canonical, але тонкий/середній обсяг або високий ризик перетину intent із наявними хабами."
4. об’єднати або залишити noindex,pererobka-betonu.html,509,Як передають на переробку бетон,Як передають на переробку бетон — Довідник YOURECO,pererobka-betonu.html,,Не відкривати масово. Об’єднати з хабом/сильнішою сторінкою або розширити до повноцінного матеріалу перед index.,"Self-canonical, але тонкий/середній обсяг або високий ризик перетину intent із наявними хабами."
4. об’єднати або залишити noindex,pererobka-gumovyh-vyrobiv.html,531,Як передають на переробку гумові вироби,Як передають на переробку гумові вироби — Довідник YOURECO,pererobka-gumovyh-vyrobiv.html,,Не відкривати масово. Об’єднати з хабом/сильнішою сторінкою або розширити до повноцінного матеріалу перед index.,"Self-canonical, але тонкий/середній обсяг або високий ризик перетину intent із наявними хабами."
1. кандидати на індексацію,pererobka-izolyaciyi-kabelyu.html,826,Як передають на переробку ізоляцію кабелю,Як передають на переробку ізоляцію кабелю — Довідник YOURECO,pererobka-izolyaciyi-kabelyu.html,,Перевести в index після ручної перевірки title/FAQ/перелінковки; додати в sitemap.,"Самостійний intent, self-canonical і достатній обсяг контенту."
4. об’єднати або залишити noindex,pererobka-kartonu.html,511,Як передають на переробку картон,Як передають на переробку картон — Довідник YOURECO,pererobka-kartonu.html,,Не відкривати масово. Об’єднати з хабом/сильнішою сторінкою або розширити до повноцінного матеріалу перед index.,"Self-canonical, але тонкий/середній обсяг або високий ризик перетину intent із наявними хабами."
4. об’єднати або залишити noindex,pererobka-makulatury.html,514,Як передають на переробку макулатуру,Як передають на переробку макулатуру — Довідник YOURECO,pererobka-makulatury.html,,Не відкривати масово. Об’єднати з хабом/сильнішою сторінкою або розширити до повноцінного матеріалу перед index.,"Self-canonical, але тонкий/середній обсяг або високий ризик перетину intent із наявними хабами."
4. об’єднати або залишити noindex,pererobka-metalu.html,517,Як передають на переробку метал,Як передають на переробку метал — Довідник YOURECO,pererobka-metalu.html,,Не відкривати масово. Об’єднати з хабом/сильнішою сторінкою або розширити до повноцінного матеріалу перед index.,"Self-canonical, але тонкий/середній обсяг або високий ризик перетину intent із наявними хабами."
4. об’єднати або залишити noindex,pererobka-midnogo-kabelyu.html,522,Як передають на переробку мідний кабель,Як передають на переробку мідний кабель — Довідник YOURECO,pererobka-midnogo-kabelyu.html,,Не відкривати масово. Об’єднати з хабом/сильнішою сторінкою або розширити до повноцінного матеріалу перед index.,"Self-canonical, але тонкий/середній обсяг або високий ризик перетину intent із наявними хабами."
1. кандидати на індексацію,pererobka-pet.html,1021,Як передають PET на переробку,Як передають PET на переробку — Довідник YOURECO,pererobka-pet.html,,Перевести в index після ручної перевірки title/FAQ/перелінковки; додати в sitemap.,"Самостійний intent, self-canonical і достатній обсяг контенту."
4. об’єднати або залишити noindex,pererobka-plastykovoyi-upakovky.html,528,Як передають на переробку пластикову упаковку,Як передають на переробку пластикову упаковку — Довідник YOURECO,pererobka-plastykovoyi-upakovky.html,,Не відкривати масово. Об’єднати з хабом/сильнішою сторінкою або розширити до повноцінного матеріалу перед index.,"Self-canonical, але тонкий/середній обсяг або високий ризик перетину intent із наявними хабами."
4. об’єднати або залишити noindex,pererobka-polietylenu.html,513,Як передають на переробку поліетилен,Як передають на переробку поліетилен — Довідник YOURECO,pererobka-polietylenu.html,,Не відкривати масово. Об’єднати з хабом/сильнішою сторінкою або розширити до повноцінного матеріалу перед index.,"Self-canonical, але тонкий/середній обсяг або високий ризик перетину intent із наявними хабами."
4. об’єднати або залишити noindex,pererobka-polipropylenu.html,537,Як передають на переробку поліпропілен,Як передають на переробку поліпропілен — Довідник YOURECO,pererobka-polipropylenu.html,,Не відкривати масово. Об’єднати з хабом/сильнішою сторінкою або розширити до повноцінного матеріалу перед index.,"Self-canonical, але тонкий/середній обсяг або високий ризик перетину intent із наявними хабами."
1. кандидати на індексацію,pererobka-polistyrolu.html,1022,Як передають на переробку полістирол,Як передають на переробку полістирол — Довідник YOURECO,pererobka-polistyrolu.html,,Перевести в index після ручної перевірки title/FAQ/перелінковки; додати в sitemap.,"Самостійний intent, self-canonical і достатній обсяг контенту."
4. об’єднати або залишити noindex,pererobka-shyn.html,541,Як передають шини на переробку,Як передають шини на переробку — Довідник YOURECO,pererobka-shyn.html,,Не відкривати масово. Об’єднати з хабом/сильнішою сторінкою або розширити до повноцінного матеріалу перед index.,"Self-canonical, але тонкий/середній обсяг або високий ризик перетину intent із наявними хабами."
1. кандидати на індексацію,pererobka-vidpracovanyh-masel.html,821,Як передають відпрацьовані оливи на переробку або регенерацію,Переробка відпрацьованих олив | YOURECO,pererobka-vidpracovanyh-masel.html,,Перевести в index після ручної перевірки title/FAQ/перелінковки; додати в sitemap.,"Самостійний intent, self-canonical і достатній обсяг контенту."
4. об’єднати або залишити noindex,plastyk-yak-vtorynna-syrovyna.html,457,Пластик як вторинна сировина,Пластик як вторинна сировина — Довідник YOURECO,plastyk-yak-vtorynna-syrovyna.html,,Не відкривати масово. Об’єднати з хабом/сильнішою сторінкою або розширити до повноцінного матеріалу перед index.,"Self-canonical, але тонкий/середній обсяг або високий ризик перетину intent із наявними хабами."
1. кандидати на індексацію,plastykovi-vidhody.html,930,Пластикові відходи,Пластикові відходи — Довідник YOURECO,plastykovi-vidhody.html,,Перевести в index після ручної перевірки title/FAQ/перелінковки; додати в sitemap.,"Самостійний intent, self-canonical і достатній обсяг контенту."
4. об’єднати або залишити noindex,podribnennya-shyn-gumova-kryshka.html,468,Подрібнення шин та гумова крихта,Подрібнення шин та гумова крихта — Довідник YOURECO,podribnennya-shyn-gumova-kryshka.html,,Не відкривати масово. Об’єднати з хабом/сильнішою сторінкою або розширити до повноцінного матеріалу перед index.,"Self-canonical, але тонкий/середній обсяг або високий ризик перетину intent із наявними хабами."
4. об’єднати або залишити noindex,promyslovi-vidhody-na-pidpryyemstvi.html,505,Промислові відходи на підприємстві: облік і правила,Промислові відходи на підприємстві | YOURECO,promyslovi-vidhody-na-pidpryyemstvi.html,,Не відкривати масово. Об’єднати з хабом/сильнішою сторінкою або розширити до повноцінного матеріалу перед index.,"Self-canonical, але тонкий/середній обсяг або високий ризик перетину intent із наявними хабами."
1. кандидати на індексацію,promyslovi-vidhody.html,1233,Промислові відходи,Промислові відходи — Довідник YOURECO,promyslovi-vidhody.html,,Перевести в index після ручної перевірки title/FAQ/перелінковки; додати в sitemap.,"Самостійний intent, self-canonical і достатній обсяг контенту."
4. об’єднати або залишити noindex,pryjom-kabelyu-na-utylizaciyu.html,470,Приймання кабелю на утилізацію,Приймання кабелю на утилізацію — Довідник YOURECO,pryjom-kabelyu-na-utylizaciyu.html,,Не відкривати масово. Об’єднати з хабом/сильнішою сторінкою або розширити до повноцінного матеріалу перед index.,"Self-canonical, але тонкий/середній обсяг або високий ризик перетину intent із наявними хабами."
4. об’єднати або залишити noindex,reestr-partiyi.html,543,Реєстр партії відходів: що містить цей документ,Реєстр партії відходів | YOURECO,reestr-partiyi.html,,Не відкривати масово. Об’єднати з хабом/сильнішою сторінкою або розширити до повноцінного матеріалу перед index.,"Self-canonical, але тонкий/середній обсяг або високий ризик перетину intent із наявними хабами."
4. об’єднати або залишити noindex,scenarii-utilizaciyi.html,590,Типові сценарії передачі продукції та матеріалів на утилізацію,Сценарії передачі продукції на утилізацію | YOURECO,scenarii-utilizaciyi.html,,Не відкривати масово. Об’єднати з хабом/сильнішою сторінкою або розширити до повноцінного матеріалу перед index.,"Self-canonical, але тонкий/середній обсяг або високий ризик перетину intent із наявними хабами."
4. об’єднати або залишити noindex,shcho-take-pererobka-vidhodiv.html,655,Що таке переробка відходів: як працює цей процес,Що таке переробка відходів | YOURECO,shcho-take-pererobka-vidhodiv.html,,Не відкривати масово. Об’єднати з хабом/сильнішою сторінкою або розширити до повноцінного матеріалу перед index.,"Self-canonical, але тонкий/середній обсяг або високий ризик перетину intent із наявними хабами."
4. об’єднати або залишити noindex,shcho-take-promyslovi-vidhody.html,643,Що таке промислові відходи: як підприємства визначають цей потік,Що таке промислові відходи | YOURECO,shcho-take-promyslovi-vidhody.html,,Не відкривати масово. Об’єднати з хабом/сильнішою сторінкою або розширити до повноцінного матеріалу перед index.,"Self-canonical, але тонкий/середній обсяг або високий ризик перетину intent із наявними хабами."
4. об’єднати або залишити noindex,shcho-take-utylizaciya.html,660,Що таке утилізація: як підприємства розуміють цю операцію,Що таке утилізація | YOURECO,shcho-take-utylizaciya.html,,Не відкривати масово. Об’єднати з хабом/сильнішою сторінкою або розширити до повноцінного матеріалу перед index.,"Self-canonical, але тонкий/середній обсяг або високий ризик перетину intent із наявними хабами."
4. об’єднати або залишити noindex,shcho-take-znyshchennya-produkciyi.html,646,Що таке знищення продукції: коли застосовується ця процедура,Що таке знищення продукції | YOURECO,shcho-take-znyshchennya-produkciyi.html,,Не відкривати масово. Об’єднати з хабом/сильнішою сторінкою або розширити до повноцінного матеріалу перед index.,"Self-canonical, але тонкий/середній обсяг або високий ризик перетину intent із наявними хабами."
2. дублікати/alias,shyny.html,466,Шини — редирект,Шини — редирект — Довідник YOURECO,utylizaciya-shyn.html,0; url=/utylizaciya-shyn.html,"Залишити noindex; бажано 301 на canonical, якщо URL не потрібен як HTML-прокладка.",Alias/старий slug/коротка сторінка під варіант запиту з canonical на основний матеріал.
4. об’єднати або залишити noindex,skilky-koshtuye-pererobka-kabelyu.html,466,Від чого залежить порядок передання кабелю на переробку,Передання кабелю на переробку | YOURECO,skilky-koshtuye-pererobka-kabelyu.html,,Не відкривати масово. Об’єднати з хабом/сильнішою сторінкою або розширити до повноцінного матеріалу перед index.,"Self-canonical, але тонкий/середній обсяг або високий ризик перетину intent із наявними хабами."
4. об’єднати або залишити noindex,skladuvannya-promyslovyh-vidhodiv.html,527,Складування промислових відходів,Складування промислових відходів — Довідник YOURECO,skladuvannya-promyslovyh-vidhodiv.html,,Не відкривати масово. Об’єднати з хабом/сильнішою сторінкою або розширити до повноцінного матеріалу перед index.,"Self-canonical, але тонкий/середній обсяг або високий ризик перетину intent із наявними хабами."
3. службові сторінки,sortuvannya/index.html,426,Матеріали про сортування відходів,Матеріали про сортування відходів — Довідник YOURECO,sortuvannya.html,,Залишити noindex.,"Технічна, навігаційна або контактна сторінка."
1. кандидати на індексацію,sortuvannya-budivelnyh-vidhodiv.html,775,Сортування будівельних відходів,Сортування будівельних відходів — Довідник YOURECO,sortuvannya-budivelnyh-vidhodiv.html,,Перевести в index після ручної перевірки title/FAQ/перелінковки; додати в sitemap.,"Самостійний intent, self-canonical і достатній обсяг контенту."
1. кандидати на індексацію,sortuvannya-plastyku.html,735,Сортування пластику,Сортування пластику — Довідник YOURECO,sortuvannya-plastyku.html,,Перевести в index після ручної перевірки title/FAQ/перелінковки; додати в sitemap.,"Самостійний intent, self-canonical і достатній обсяг контенту."
4. об’єднати або залишити noindex,sortuvannya-promyslovyh-vidhodiv.html,500,Сортування промислових відходів,Сортування промислових відходів — Довідник YOURECO,sortuvannya-promyslovyh-vidhodiv.html,,Не відкривати масово. Об’єднати з хабом/сильнішою сторінкою або розширити до повноцінного матеріалу перед index.,"Self-canonical, але тонкий/середній обсяг або високий ризик перетину intent із наявними хабами."
4. об’єднати або залишити noindex,spysannya-kosmetychnyh-tovariv.html,471,Списання косметичних товарів,Списання косметичних товарів — Довідник YOURECO,spysannya-kosmetychnyh-tovariv.html,,Не відкривати масово. Об’єднати з хабом/сильнішою сторінкою або розширити до повноцінного матеріалу перед index.,"Self-canonical, але тонкий/середній обсяг або високий ризик перетину intent із наявними хабами."
1. кандидати на індексацію,spysannya-produktiv.html,708,Списання продуктів: як правильно оформити,Списання продуктів: як правильно оформити — Довідник YOURECO,spysannya-produktiv.html,,Перевести в index після ручної перевірки title/FAQ/перелінковки; додати в sitemap.,"Самостійний intent, self-canonical і достатній обсяг контенту."
1. кандидати на індексацію,transportuvannya-vidpracovanyh-masel.html,756,Транспортування відпрацьованих олив,Транспортування відпрацьованих олив — Довідник YOURECO,transportuvannya-vidpracovanyh-masel.html,,Перевести в index після ручної перевірки title/FAQ/перелінковки; додати в sitemap.,"Самостійний intent, self-canonical і достатній обсяг контенту."
1. кандидати на індексацію,transportuvannya-vidpracovanyh-shyn.html,754,Транспортування відпрацьованих шин,Транспортування відпрацьованих шин — Довідник YOURECO,transportuvannya-vidpracovanyh-shyn.html,,Перевести в index після ручної перевірки title/FAQ/перелінковки; додати в sitemap.,"Самостійний intent, self-canonical і достатній обсяг контенту."
3. службові сторінки,utylizaciya/index.html,428,Матеріали про утилізацію відходів,Матеріали про утилізацію відходів — Довідник YOURECO,utylizaciya.html,,Залишити noindex.,"Технічна, навігаційна або контактна сторінка."
1. кандидати на індексацію,utylizaciya-avtoshyn.html,783,Куди передають автомобільні шини на утилізацію,Куди передають автомобільні шини на утилізацію — Довідник YOURECO,utylizaciya-avtoshyn.html,,Перевести в index після ручної перевірки title/FAQ/перелінковки; додати в sitemap.,"Самостійний intent, self-canonical і достатній обсяг контенту."
1. кандидати на індексацію,utylizaciya-budivelnyh-vidhodiv.html,790,Порядок утилізації будівельних відходів для підприємств,Утилізація будівельних відходів | YOURECO,utylizaciya-budivelnyh-vidhodiv.html,,Перевести в index після ручної перевірки title/FAQ/перелінковки; додати в sitemap.,"Самостійний intent, self-canonical і достатній обсяг контенту."
1. кандидати на індексацію,utylizaciya-derevyny-z-budivnyctva.html,787,Як передають на утилізацію деревину з будівництва,Утилізація деревини з будівництва | YOURECO,utylizaciya-derevyny-z-budivnyctva.html,,Перевести в index після ручної перевірки title/FAQ/перелінковки; додати в sitemap.,"Самостійний intent, self-canonical і достатній обсяг контенту."
1. кандидати на індексацію,utylizaciya-energetychnyh-napoyiv.html,768,Куди передають енергетичні напої на утилізацію,Куди передають енергетичні напої на утилізацію — Довідник YOURECO,utylizaciya-energetychnyh-napoyiv.html,,Перевести в index після ручної перевірки title/FAQ/перелінковки; додати в sitemap.,"Самостійний intent, self-canonical і достатній обсяг контенту."
1. кандидати на індексацію,utylizaciya-fruktiv-ta-ovochiv.html,841,Куди передають фрукти та овочі на утилізацію,Куди передають фрукти та овочі на утилізацію — Довідник YOURECO,utylizaciya-fruktiv-ta-ovochiv.html,,Перевести в index після ручної перевірки title/FAQ/перелінковки; додати в sitemap.,"Самостійний intent, self-canonical і достатній обсяг контенту."
4. об’єднати або залишити noindex,utylizaciya-fruktiv.html,532,Куди передають фрукти на утилізацію,Куди передають фрукти на утилізацію — Довідник YOURECO,utylizaciya-fruktiv.html,,Не відкривати масово. Об’єднати з хабом/сильнішою сторінкою або розширити до повноцінного матеріалу перед index.,"Self-canonical, але тонкий/середній обсяг або високий ризик перетину intent із наявними хабами."
4. об’єднати або залишити noindex,utylizaciya-gipsokartonu.html,528,Куди передають гіпсокартон на утилізацію,Куди передають гіпсокартон на утилізацію — Довідник YOURECO,utylizaciya-gipsokartonu.html,,Не відкривати масово. Об’єднати з хабом/сильнішою сторінкою або розширити до повноцінного матеріалу перед index.,"Self-canonical, але тонкий/середній обсяг або високий ризик перетину intent із наявними хабами."
1. кандидати на індексацію,utylizaciya-harchovyh-produktiv.html,863,Порядок утилізації харчових продуктів для підприємств,Утилізація харчових продуктів | YOURECO,utylizaciya-harchovyh-produktiv.html,,Перевести в index після ручної перевірки title/FAQ/перелінковки; додати в sitemap.,"Самостійний intent, self-canonical і достатній обсяг контенту."
4. об’єднати або залишити noindex,utylizaciya-kondyterskyh-vyrobiv.html,541,Куди передають кондитерські вироби на утилізацію,Утилізація кондитерських виробів | YOURECO,utylizaciya-kondyterskyh-vyrobiv.html,,Не відкривати масово. Об’єднати з хабом/сильнішою сторінкою або розширити до повноцінного матеріалу перед index.,"Self-canonical, але тонкий/середній обсяг або високий ризик перетину intent із наявними хабами."
1. кандидати на індексацію,utylizaciya-konfidenciynykh-dokumentiv.html,1443,Документи для утилізації конфіденційних документів,Утилізація конфіденційних документів | YOURECO,utylizaciya-konfidenciynykh-dokumentiv.html,,Перевести в index після ручної перевірки title/FAQ/перелінковки; додати в sitemap.,"Самостійний intent, self-canonical і достатній обсяг контенту."
2. дублікати/alias,utylizaciya-kosmetiki.html,119,Куди здати утилізація косметіки,Куди здати утилізація косметіки — Довідник YOURECO,utylizaciya-kosmetyky.html,0; url=/utylizaciya-kosmetyky.html,"Залишити noindex; бажано 301 на canonical, якщо URL не потрібен як HTML-прокладка.",Alias/старий slug/коротка сторінка під варіант запиту з canonical на основний матеріал.
1. кандидати на індексацію,utylizaciya-materialiv.html,1010,Порядок утилізації матеріалів для підприємств,Порядок утилізації матеріалів для підприємств — Довідник YOURECO,utylizaciya-materialiv.html,,Перевести в index після ручної перевірки title/FAQ/перелінковки; додати в sitemap.,"Самостійний intent, self-canonical і достатній обсяг контенту."
4. об’єднати або залишити noindex,utylizaciya-metalevoyi-strushky.html,467,Куди передають металеву стружку на утилізацію,Куди передають металеву стружку на утилізацію — Довідник YOURECO,utylizaciya-metalevoyi-strushky.html,,Не відкривати масово. Об’єднати з хабом/сильнішою сторінкою або розширити до повноцінного матеріалу перед index.,"Self-canonical, але тонкий/середній обсяг або високий ризик перетину intent із наявними хабами."
4. об’єднати або залишити noindex,utylizaciya-metalu.html,528,Як оформлюється утилізація металу,Як оформлюється утилізація металу — Довідник YOURECO,utylizaciya-metalu.html,,Не відкривати масово. Об’єднати з хабом/сильнішою сторінкою або розширити до повноцінного матеріалу перед index.,"Self-canonical, але тонкий/середній обсяг або високий ризик перетину intent із наявними хабами."
4. об’єднати або залишити noindex,utylizaciya-molochnyh-produktiv.html,537,Куди передають молочні продукти на утилізацію,Куди передають молочні продукти на утилізацію — Довідник YOURECO,utylizaciya-molochnyh-produktiv.html,,Не відкривати масово. Об’єднати з хабом/сильнішою сторінкою або розширити до повноцінного матеріалу перед index.,"Self-canonical, але тонкий/середній обсяг або високий ризик перетину intent із наявними хабами."
4. об’єднати або залишити noindex,utylizaciya-napivfabrykatyv.html,532,Куди передають напівфабрикати на утилізацію,Куди передають напівфабрикати на утилізацію — Довідник YOURECO,utylizaciya-napivfabrykatyv.html,,Не відкривати масово. Об’єднати з хабом/сильнішою сторінкою або розширити до повноцінного матеріалу перед index.,"Self-canonical, але тонкий/середній обсяг або високий ризик перетину intent із наявними хабами."
4. об’єднати або залишити noindex,utylizaciya-nekondyciynoyi-produkciyi.html,576,Порядок утилізації некондиційної продукції,Порядок утилізації некондиційної продукції — Довідник YOURECO,utylizaciya-nekondyciynoyi-produkciyi.html,,Не відкривати масово. Об’єднати з хабом/сильнішою сторінкою або розширити до повноцінного матеріалу перед index.,"Self-canonical, але тонкий/середній обсяг або високий ризик перетину intent із наявними хабами."
1. кандидати на індексацію,utylizaciya-obladnannya.html,937,Порядок утилізації обладнання для підприємств,Порядок утилізації обладнання для підприємств — Довідник YOURECO,utylizaciya-obladnannya.html,,Перевести в index після ручної перевірки title/FAQ/перелінковки; додати в sitemap.,"Самостійний intent, self-canonical і достатній обсяг контенту."
4. об’єднати або залишити noindex,utylizaciya-ovochiv.html,533,Куди передають овочі на утилізацію,Куди передають овочі на утилізацію — Довідник YOURECO,utylizaciya-ovochiv.html,,Не відкривати масово. Об’єднати з хабом/сильнішою сторінкою або розширити до повноцінного матеріалу перед index.,"Self-canonical, але тонкий/середній обсяг або високий ризик перетину intent із наявними хабами."
1. кандидати на індексацію,utylizaciya-paperu-ta-kartonu.html,831,Як оформлюється утилізація паперу та картону,Як оформлюється утилізація паперу та картону — Довідник YOURECO,utylizaciya-paperu-ta-kartonu.html,,Перевести в index після ручної перевірки title/FAQ/перелінковки; додати в sitemap.,"Самостійний intent, self-canonical і достатній обсяг контенту."
4. об’єднати або залишити noindex,utylizaciya-parfumeriyi.html,516,Куди передають парфумерію на утилізацію,Куди передають парфумерію на утилізацію — Довідник YOURECO,utylizaciya-parfumeriyi.html,,Не відкривати масово. Об’єднати з хабом/сильнішою сторінкою або розширити до повноцінного матеріалу перед index.,"Self-canonical, але тонкий/середній обсяг або високий ризик перетину intent із наявними хабами."
4. об’єднати або залишити noindex,utylizaciya-partiyi-produktiv.html,544,Документи для утилізації партії продуктів,Документи для утилізації партії продуктів — Довідник YOURECO,utylizaciya-partiyi-produktiv.html,,Не відкривати масово. Об’єднати з хабом/сильнішою сторінкою або розширити до повноцінного матеріалу перед index.,"Self-canonical, але тонкий/середній обсяг або високий ризик перетину intent із наявними хабами."
4. об’єднати або залишити noindex,utylizaciya-produktiv-na-skladi.html,550,Порядок утилізації продуктів на складі,Порядок утилізації продуктів на складі — Довідник YOURECO,utylizaciya-produktiv-na-skladi.html,,Не відкривати масово. Об’єднати з хабом/сильнішою сторінкою або розширити до повноцінного матеріалу перед index.,"Self-canonical, але тонкий/середній обсяг або високий ризик перетину intent із наявними хабами."
4. об’єднати або залишити noindex,utylizaciya-promyslovogo-obladnannya-mehanizmiv.html,569,Порядок утилізації промислового обладнання та механізмів,Утилізація промислового обладнання | YOURECO,utylizaciya-promyslovogo-obladnannya-mehanizmiv.html,,Не відкривати масово. Об’єднати з хабом/сильнішою сторінкою або розширити до повноцінного матеріалу перед index.,"Self-canonical, але тонкий/середній обсяг або високий ризик перетину intent із наявними хабами."
1. кандидати на індексацію,utylizaciya-prostrochenoyi-kosmetyky.html,811,Куди передають прострочену косметику на утилізацію,Утилізація простроченої косметики | YOURECO,utylizaciya-prostrochenoyi-kosmetyky.html,,Перевести в index після ручної перевірки title/FAQ/перелінковки; додати в sitemap.,"Самостійний intent, self-canonical і достатній обсяг контенту."
4. об’єднати або залишити noindex,utylizaciya-pyva.html,543,Куди передають пиво на утилізацію,Куди передають пиво на утилізацію — Довідник YOURECO,utylizaciya-pyva.html,,Не відкривати масово. Об’єднати з хабом/сильнішою сторінкою або розширити до повноцінного матеріалу перед index.,"Self-canonical, але тонкий/середній обсяг або високий ризик перетину intent із наявними хабами."
2. дублікати/alias,utylizaciya-shin.html,112,Куди здати утилізація шин,Куди здати утилізація шин — Довідник YOURECO,utylizaciya-shyn.html,0; url=/utylizaciya-shyn.html,"Залишити noindex; бажано 301 на canonical, якщо URL не потрібен як HTML-прокладка.",Alias/старий slug/коротка сторінка під варіант запиту з canonical на основний матеріал.
4. об’єднати або залишити noindex,utylizaciya-shyn-pidpryyemstvamy.html,509,Документи для утилізації шин підприємствами,Документи для утилізації шин підприємствами — Довідник YOURECO,utylizaciya-shyn-pidpryyemstvamy.html,,Не відкривати масово. Об’єднати з хабом/сильнішою сторінкою або розширити до повноцінного матеріалу перед index.,"Self-canonical, але тонкий/середній обсяг або високий ризик перетину intent із наявними хабами."
4. об’єднати або залишити noindex,utylizaciya-skla.html,533,Куди передають скло на утилізацію,Куди передають скло на утилізацію — Довідник YOURECO,utylizaciya-skla.html,,Не відкривати масово. Об’єднати з хабом/сильнішою сторінкою або розширити до повноцінного матеріалу перед index.,"Self-canonical, але тонкий/середній обсяг або високий ризик перетину intent із наявними хабами."
4. об’єднати або залишити noindex,utylizaciya-skladskyh-zalyshkiv.html,519,Порядок утилізації складських залишків,Порядок утилізації складських залишків — Довідник YOURECO,utylizaciya-skladskyh-zalyshkiv.html,,Не відкривати масово. Об’єднати з хабом/сильнішою сторінкою або розширити до повноцінного матеріалу перед index.,"Self-canonical, але тонкий/середній обсяг або високий ризик перетину intent із наявними хабами."
1. кандидати на індексацію,utylizaciya-sokiv-ta-napoyiv.html,802,Куди передають соки та напої на утилізацію,Куди передають соки та напої на утилізацію — Довідник YOURECO,utylizaciya-sokiv-ta-napoyiv.html,,Перевести в index після ручної перевірки title/FAQ/перелінковки; додати в sitemap.,"Самостійний intent, self-canonical і достатній обсяг контенту."
4. об’єднати або залишити noindex,utylizaciya-sokiv.html,509,Куди передають соки на утилізацію,Куди передають соки на утилізацію — Довідник YOURECO,utylizaciya-sokiv.html,,Не відкривати масово. Об’єднати з хабом/сильнішою сторінкою або розширити до повноцінного матеріалу перед index.,"Self-canonical, але тонкий/середній обсяг або високий ризик перетину intent із наявними хабами."
4. об’єднати або залишити noindex,utylizaciya-tovariv.html,513,Порядок утилізації товарів для підприємств,Порядок утилізації товарів для підприємств — Довідник YOURECO,utylizaciya-tovariv.html,,Не відкривати масово. Об’єднати з хабом/сильнішою сторінкою або розширити до повноцінного матеріалу перед index.,"Self-canonical, але тонкий/середній обсяг або високий ризик перетину intent із наявними хабами."
4. об’єднати або залишити noindex,utylizaciya-upakovky-na-pidpryyemstvi.html,533,Порядок утилізації упаковки на підприємстві,Порядок утилізації упаковки на підприємстві — Довідник YOURECO,utylizaciya-upakovky-na-pidpryyemstvi.html,,Не відкривати масово. Об’єднати з хабом/сильнішою сторінкою або розширити до повноцінного матеріалу перед index.,"Self-canonical, але тонкий/середній обсяг або високий ризик перетину intent із наявними хабами."
1. кандидати на індексацію,utylizaciya-upakovky-vid-kosmetyky.html,774,Куди передають упаковку від косметики на утилізацію,Утилізація упаковки від косметики | YOURECO,utylizaciya-upakovky-vid-kosmetyky.html,,Перевести в index після ручної перевірки title/FAQ/перелінковки; додати в sitemap.,"Самостійний intent, self-canonical і достатній обсяг контенту."
1. кандидати на індексацію,utylizaciya-vantazhnyh-shyn.html,773,Куди передають вантажні шини на утилізацію,Куди передають вантажні шини на утилізацію — Довідник YOURECO,utylizaciya-vantazhnyh-shyn.html,,Перевести в index після ручної перевірки title/FAQ/перелінковки; додати в sitemap.,"Самостійний intent, self-canonical і достатній обсяг контенту."
4. об’єднати або залишити noindex,utylizaciya-vidpracovanyh-masel.html,520,Як оформлюється утилізація відпрацьованих олив,Як оформлюється утилізація відпрацьованих олив — Довідник YOURECO,utylizaciya-vidpracovanyh-masel.html,,Не відкривати масово. Об’єднати з хабом/сильнішою сторінкою або розширити до повноцінного матеріалу перед index.,"Self-canonical, але тонкий/середній обсяг або високий ризик перетину intent із наявними хабами."
1. кандидати на індексацію,utylizaciya-vody.html,808,Порядок утилізації води та товарних залишків,Порядок утилізації води та товарних залишків — Довідник YOURECO,utylizaciya-vody.html,,Перевести в index після ручної перевірки title/FAQ/перелінковки; додати в sitemap.,"Самостійний intent, self-canonical і достатній обсяг контенту."
4. об’єднати або залишити noindex,utylizaciya-vyrobnychyh-vidhodiv.html,576,Порядок утилізації виробничих відходів для підприємств,Утилізація виробничих відходів | YOURECO,utylizaciya-vyrobnychyh-vidhodiv.html,,Не відкривати масово. Об’єднати з хабом/сильнішою сторінкою або розширити до повноцінного матеріалу перед index.,"Self-canonical, але тонкий/середній обсяг або високий ризик перетину intent із наявними хабами."
4. об’єднати або залишити noindex,utylizaciya-yagid.html,533,Куди передають ягоди на утилізацію,Куди передають ягоди на утилізацію — Довідник YOURECO,utylizaciya-yagid.html,,Не відкривати масово. Об’єднати з хабом/сильнішою сторінкою або розширити до повноцінного матеріалу перед index.,"Self-canonical, але тонкий/середній обсяг або високий ризик перетину intent із наявними хабами."
4. об’єднати або залишити noindex,vidhody-demontazhu.html,431,Відходи демонтажу: сортування та порядок передання,Відходи демонтажу | YOURECO,vidhody-demontazhu.html,,Не відкривати масово. Об’єднати з хабом/сильнішою сторінкою або розширити до повноцінного матеріалу перед index.,"Self-canonical, але тонкий/середній обсяг або високий ризик перетину intent із наявними хабами."
4. об’єднати або залишити noindex,vidhody-gumy.html,452,Відходи гуми: що відноситься і як утилізують,Відходи гуми: що відноситься і як утилізують — Довідник YOURECO,vidhody-gumy.html,,Не відкривати масово. Об’єднати з хабом/сильнішою сторінкою або розширити до повноцінного матеріалу перед index.,"Self-canonical, але тонкий/середній обсяг або високий ризик перетину intent із наявними хабами."
1. кандидати на індексацію,vidhody-polimeriv.html,911,Відходи полімерів,Відходи полімерів — Довідник YOURECO,vidhody-polimeriv.html,,Перевести в index після ручної перевірки title/FAQ/перелінковки; додати в sitemap.,"Самостійний intent, self-canonical і достатній обсяг контенту."
4. об’єднати або залишити noindex,vidhody-vyrobnyctva.html,444,Відходи виробництва: класифікація та приклади,Відходи виробництва: класифікація та приклади — Довідник YOURECO,vidhody-vyrobnyctva.html,,Не відкривати масово. Об’єднати з хабом/сильнішою сторінкою або розширити до повноцінного матеріалу перед index.,"Self-canonical, але тонкий/середній обсяг або високий ризик перетину intent із наявними хабами."
1. кандидати на індексацію,vidy-kabelnyh-vidhodiv.html,761,Види кабельних відходів,Види кабельних відходів — Довідник YOURECO,vidy-kabelnyh-vidhodiv.html,,Перевести в index після ручної перевірки title/FAQ/перелінковки; додати в sitemap.,"Самостійний intent, self-canonical і достатній обсяг контенту."
1. кандидати на індексацію,vidy-plastykovyh-vidhodiv.html,940,Види пластикових відходів,Види пластикових відходів — Довідник YOURECO,vidy-plastykovyh-vidhodiv.html,,Перевести в index після ручної перевірки title/FAQ/перелінковки; додати в sitemap.,"Самостійний intent, self-canonical і достатній обсяг контенту."
4. об’єднати або залишити noindex,vnutrishniy-akt-spysannya.html,533,Внутрішній акт списання: коли використовується перед передачею відходів,Внутрішній акт списання | YOURECO,vnutrishniy-akt-spysannya.html,,Не відкривати масово. Об’єднати з хабом/сильнішою сторінкою або розширити до повноцінного матеріалу перед index.,"Self-canonical, але тонкий/середній обсяг або високий ризик перетину intent із наявними хабами."
4. об’єднати або залишити noindex,vtorynna-syrovyna-z-budivelnyh-vidhodiv.html,450,Вторинна сировина з будівельних відходів,Вторинна сировина з будівельних відходів — Довідник YOURECO,vtorynna-syrovyna-z-budivelnyh-vidhodiv.html,,Не відкривати масово. Об’єднати з хабом/сильнішою сторінкою або розширити до повноцінного матеріалу перед index.,"Self-canonical, але тонкий/середній обсяг або високий ризик перетину intent із наявними хабами."
4. об’єднати або залишити noindex,vtorynna-syrovyna-z-vidhodiv.html,508,Вторинна сировина з відходів,Вторинна сировина з відходів — Довідник YOURECO,vtorynna-syrovyna-z-vidhodiv.html,,Не відкривати масово. Об’єднати з хабом/сильнішою сторінкою або розширити до повноцінного матеріалу перед index.,"Self-canonical, але тонкий/середній обсяг або високий ризик перетину intent із наявними хабами."
1. кандидати на індексацію,vymogy-do-zberigannya-vidhodiv.html,821,Вимоги до зберігання відходів,Вимоги до зберігання відходів — Довідник YOURECO,vymogy-do-zberigannya-vidhodiv.html,,Перевести в index після ручної перевірки title/FAQ/перелінковки; додати в sitemap.,"Самостійний intent, self-canonical і достатній обсяг контенту."
1. кандидати на індексацію,vyviz-budivelnyh-vidhodiv.html,902,Як організовується передання будівельних відходів,Передання будівельних відходів | YOURECO,vyviz-budivelnyh-vidhodiv.html,,Перевести в index після ручної перевірки title/FAQ/перелінковки; додати в sitemap.,"Самостійний intent, self-canonical і достатній обсяг контенту."
1. кандидати на індексацію,yak-vidbuvayetsya-utylizaciya-produkciyi.html,982,Як відбувається утилізація продукції,Як відбувається утилізація продукції — етапи для підприємств,yak-vidbuvayetsya-utylizaciya-produkciyi.html,,Перевести в index після ручної перевірки title/FAQ/перелінковки; додати в sitemap.,"Самостійний intent, self-canonical і достатній обсяг контенту."
1. кандидати на індексацію,zberigannya-vidpracovanyh-masel.html,910,Зберігання відпрацьованих олив,Зберігання відпрацьованих олив — Довідник YOURECO,zberigannya-vidpracovanyh-masel.html,,Перевести в index після ручної перевірки title/FAQ/перелінковки; додати в sitemap.,"Самостійний intent, self-canonical і достатній обсяг контенту."
4. об’єднати або залишити noindex,zbir-kabelyu.html,498,Збір кабелю,Збір кабелю — Довідник YOURECO,zbir-kabelyu.html,,Не відкривати масово. Об’єднати з хабом/сильнішою сторінкою або розширити до повноцінного матеріалу перед index.,"Self-canonical, але тонкий/середній обсяг або високий ризик перетину intent із наявними хабами."
4. об’єднати або залишити noindex,zbir-kartonu-na-pidpryyemstvi.html,505,Збір картону на підприємстві,Збір картону на підприємстві — Довідник YOURECO,zbir-kartonu-na-pidpryyemstvi.html,,Не відкривати масово. Об’єднати з хабом/сильнішою сторінкою або розширити до повноцінного матеріалу перед index.,"Self-canonical, але тонкий/середній обсяг або високий ризик перетину intent із наявними хабами."
4. об’єднати або залишити noindex,zbir-metalu-na-pidpryyemstvi.html,507,Збір металу на підприємстві,Збір металу на підприємстві — Довідник YOURECO,zbir-metalu-na-pidpryyemstvi.html,,Не відкривати масово. Об’єднати з хабом/сильнішою сторінкою або розширити до повноцінного матеріалу перед index.,"Self-canonical, але тонкий/середній обсяг або високий ризик перетину intent із наявними хабами."
4. об’єднати або залишити noindex,zbir-plastyku-na-pidpryyemstvi.html,501,Збір пластику на підприємстві,Збір пластику на підприємстві — Довідник YOURECO,zbir-plastyku-na-pidpryyemstvi.html,,Не відкривати масово. Об’єднати з хабом/сильнішою сторінкою або розширити до повноцінного матеріалу перед index.,"Self-canonical, але тонкий/середній обсяг або високий ризик перетину intent із наявними хабами."
4. об’єднати або залишити noindex,zbir-promyslovyh-vidhodiv.html,546,Збір промислових відходів: організація та вимоги,Збір промислових відходів | YOURECO,zbir-promyslovyh-vidhodiv.html,,Не відкривати масово. Об’єднати з хабом/сильнішою сторінкою або розширити до повноцінного матеріалу перед index.,"Self-canonical, але тонкий/середній обсяг або високий ризик перетину intent із наявними хабами."
4. об’єднати або залишити noindex,zbir-shyn-na-pidpryyemstvi.html,511,Збір шин на підприємстві,Збір шин на підприємстві — Довідник YOURECO,zbir-shyn-na-pidpryyemstvi.html,,Не відкривати масово. Об’єднати з хабом/сильнішою сторінкою або розширити до повноцінного матеріалу перед index.,"Self-canonical, але тонкий/середній обсяг або високий ризик перетину intent із наявними хабами."
4. об’єднати або залишити noindex,zbir-sklyanoyi-tary.html,520,Збір скляної тари,Збір скляної тари — Довідник YOURECO,zbir-sklyanoyi-tary.html,,Не відкривати масово. Об’єднати з хабом/сильнішою сторінкою або розширити до повноцінного матеріалу перед index.,"Self-canonical, але тонкий/середній обсяг або високий ризик перетину intent із наявними хабами."
4. об’єднати або залишити noindex,zbir-vidpracovanoyi-olyvy.html,504,Збір відпрацьованої оливи,Збір відпрацьованої оливи — Довідник YOURECO,zbir-vidpracovanoyi-olyvy.html,,Не відкривати масово. Об’єднати з хабом/сильнішою сторінкою або розширити до повноцінного матеріалу перед index.,"Self-canonical, але тонкий/середній обсяг або високий ризик перетину intent із наявними хабами."
4. об’єднати або залишити noindex,znyshchennya-kosmetyky.html,432,Знищення косметики: коли потрібне і які документи,Знищення косметики | YOURECO,znyshchennya-kosmetyky.html,,Не відкривати масово. Об’єднати з хабом/сильнішою сторінкою або розширити до повноцінного матеріалу перед index.,"Self-canonical, але тонкий/середній обсяг або високий ризик перетину intent із наявними хабами."
